name,code,postcode,address,website,email,opened,closed
Amlwch Library,W06000001,LL68 9EA,"Amlwch Library, Ffordd Parys, Amlwch, Anglesey, LL68 9EA, Wales",http://www.anglesey.gov.uk/leisure/libraries/libraries-my-local-library/amlwch-library/,mailto:kbxlh@anglesey.gov.uk,,
Beaumaris Library,W06000001,LL58 8AL,"Beaumaris Library, Hen Ysgol David Hughes, Beaumaris, Anglesey, LL58 8AL, Wales",http://www.anglesey.gov.uk/leisure/libraries/libraries-my-local-library/beaumaris-library/,mailto:ddxlh@anglesey.gov.uk,,
Benllech Library,W06000001,LL74 8TF,"Benllech Library, Ffordd Bangor, Benllech, Anglesey, LL74 8TF, Wales",http://www.anglesey.gov.uk/leisure/libraries/libraries-my-local-library/benllech-library/,mailto:dcxlh@anglesey.gov.uk,,
Cemaes Library,W06000001,LL67 0HN,"Cemaes Library, Lôn Glascoed, Cemaes, Anglesey, LL67 0HN, Wales",http://www.anglesey.gov.uk/leisure/libraries/libraries-my-local-library/cemaes-library/,mailto:kcxlh@anglesey.gov.uk,,
Holyhead Library,W06000001,LL65 1HH,Holyhead LibraryMarket HallStanley StreetHolyhead LL65 1HH,http://www.anglesey.gov.uk/leisure/libraries/libraries-my-local-library/holyhead-library/,mailto:kpxlh@anglesey.gov.uk,,
Llangefni Library,W06000001,LL77 7RT,"Llangefni Library, Lôn-y-Felin, Llangefni, Anglesey, LL77 7RT, Wales",http://www.anglesey.gov.uk/leisure/libraries/libraries-my-local-library/llangefni-library/,mailto:libraries@ynysmon.gov.uk,,
Menai Bridge Library,W06000001,LL59 5AS,"Menai Bridge Library, Ffordd y Ffair, Porthaethwy, Anglesey, LL59 5AS, Wales",http://www.anglesey.gov.uk/leisure/libraries/libraries-my-local-library/menai-bridge-library/,mailto:dbxlh@anglesey.gov.uk,,
Moelfre Library,W06000001,LL72 8HA,"Moelfre Library, Y Ganolfan, Moelfre, Anglesey, LL72 8HA, Wales",http://www.anglesey.gov.uk/leisure/libraries/libraries-my-local-library/moelfre-library/,mailto:dfxlh@anglesey.gov.uk,,
Newborough Library,W06000001,,"Newborough Library, Prichard Jones Institute, Newborough, Anglesey, LL61 6SY, Wales",http://www.anglesey.gov.uk/leisure/libraries/libraries-my-local-library/newborough-library/,mailto:dexlh@anglesey.gov.uk,,
Rhosneigr Library,W06000001,LL64 5UX,"Rhosneigr Library, High Street,   Rhosneigr,  Anglesey,  LL64 5UX,  Wales",http://www.anglesey.gov.uk/leisure/libraries/libraries-my-local-library/rhosneigr-library/,mailto:kdxlh@anglesey.gov.uk,,
Bala Library,W06000002,LL23 7RU,"Bala Library, Campws Y Berwyn Campus, Ffrydan Rd, Bala LL23 7RU",https://www.gwynedd.llyw.cymru/en/Residents/Libraries-and-archives/Your-local-library/Bala-library.aspx,mailto:LLBala@gwynedd.llyw.cymru,,
Bangor Library,W06000002,LL57 1DT,"Bangor Library, Gwynedd Road, Bangor, Gwynedd, LL57 1DT, Wales",https://www.gwynedd.llyw.cymru/en/Residents/Libraries-and-archives/Your-local-library/Bangor-library.aspx,mailto:LLBangor@gwynedd.llyw.cymru,,
Barmouth Library,W06000002,LL42 1LU,"Barmouth Library, Station Road, Barmouth, Gwynedd, LL42 1LU, Wales",https://www.gwynedd.llyw.cymru/en/Residents/Libraries-and-archives/Your-local-library/Barmouth-Library.aspx,mailto:LLAbermaw@gwynedd.llyw.cymru,,
Bethesda Library,W06000002,LL57 3DP,"Bethesda Library, Ffordd Coetmor, Bethesda, Gwynedd, LL57 3DP, Wales",https://www.gwynedd.llyw.cymru/en/Residents/Libraries-and-archives/Your-local-library/Bethesda-library.aspx,mailto:LLBethesda@gwynedd.llyw.cymru,,
Blaenau Ffestiniog Library,W06000002,LL41 3DL,"Blaenau Ffestiniog Library, Canolfan Maenofferen, Blaenau Ffestiniog, Gwynedd, LL41 3DL, Wales",https://www.gwynedd.llyw.cymru/en/Residents/Libraries-and-archives/Your-local-library/Blaenau-Ffestiniog-library.aspx,mailto:LLBlaenau@gwynedd.llyw.cymru,,
Caernarfon Library,W06000002,LL55 1AS,"Caernarfon Library, Pavilion Hill, Caernarfon, Gwynedd, LL55 1AS, Wales",https://www.gwynedd.llyw.cymru/en/Residents/Libraries-and-archives/Your-local-library/Caernarfon-library.aspx,mailto:LLCaernarfon@gwynedd.llyw.cymru,,
Criccieth Library,W06000002,LL52 0RN,"Cricieth Library, High Street, Cricieth, Gwynedd, LL52 0RN, Wales",https://www.gwynedd.llyw.cymru/en/Residents/Libraries-and-archives/Your-local-library/Cricieth-library.aspx,mailto:LLCriccieth@gwynedd.llyw.cymru,,
Deiniolen Library,W06000002,,"Deiniolen Library, High Street, Deiniolen, Caernarfon LL55 3HR",,,,
Dolgellau Library,W06000002,LL40 2YF,"Dolgellau Library, Ffordd y Bala, Dolgellau, Gwynedd, LL40 2YF, Wales",https://www.gwynedd.llyw.cymru/en/Residents/Libraries-and-archives/Your-local-library/Dolgellau-library.aspx,mailto:LLDolgellau@gwynedd.llyw.cymru,,
Harlech Library,W06000002,,"Harlech Library, 2 Bron Y Graig, Harlech LL46 2SW",,,,
Llanberis Library,W06000002,,"Llanberis Library, Capel-Coch Road, Llanberis, Caernarfon LL55 4SH",,,,
Nefyn Library,W06000002,LL53 6EB,"Nefyn Library, Rhodfa'r Môr, Nefyn, Gwynedd, LL53 6EB, Wales",https://www.gwynedd.llyw.cymru/en/Residents/Libraries-and-archives/Your-local-library/Nefyn-library.aspx,mailto:LLNefyn@gwynedd.llyw.cymru,,
Penrhyndeudraeth Library,W06000002,,"Penrhyndeudraeth Library, Llys Deudraeth, Penrhyndeudraeth, LL48 6BL",,,,
Penygroes Library,W06000002,LL54 6LR,"Penygroes Library, Canolfan Dechnoleg Dyffryn Nantlle, Heol Y Dwr, Penygroes, Gwynedd, LL54 6LR, Wales",https://www.gwynedd.llyw.cymru/en/Residents/Libraries-and-archives/Your-local-library/Penygroes-library.aspx,mailto:LLPenygroes@gwynedd.llyw.cymru,,
Porthmadog Library,W06000002,LL49 9HW,"Porthmadog Library, Healthy Lifestyles Centre and Library - Glaslyn,  Stryd y Llan,  Porthmadog,  LL49 9HW",https://www.gwynedd.llyw.cymru/en/Residents/Libraries-and-archives/Your-local-library/Porthmadog-library.aspx,mailto:LLPorthmadog@gwynedd.llyw.cymru,,
Pwllheli Library,W06000002,LL53 5DE,"Pwllheli Library, Neuadd Dwyfor, Stryd Penlan, Pwllheli, Gwynedd, LL53 5DE, Wales",https://www.gwynedd.llyw.cymru/en/Residents/Libraries-and-archives/Your-local-library/Pwllheli-library.aspx,mailto:LLPwllheli@gwynedd.llyw.cymru,,
Tywyn Library,W06000002,LL36 9HA,"Tywyn Library, Neptune Road, Tywyn, Gwynedd, LL36 9HA, Wales",https://www.gwynedd.llyw.cymru/en/Residents/Libraries-and-archives/Your-local-library/Tywyn-library.aspx,mailto:LLTywyn@gwynedd.llyw.cymru,,
Abergele Library,W06000003,LL22 7BP,"Abergele Library, Market Street, Abergele, Conwy, LL22 7BP, Wales",http://www.conwy.gov.uk/en/Resident/Libraries-Museums-and-Archives/Libraries/Libraries-and-opening-times/Abergele-Library.aspx,mailto:abergele.library@conwy.gov.uk,,
Cerrigydrudion Library,W06000003,LL21 9TF,"Cerrigydrudion Library, King Street, Cerrigydrudion, Corwen, Conwy, LL21 9TF, Wales",http://www.conwy.gov.uk/en/Resident/Libraries-Museums-and-Archives/Libraries/Libraries-and-opening-times/Cerrigydrudion-Library.aspx,mailto:cerrig.library@conwy.gov.uk,,
Colwyn Bay Library,W06000003,LL29 7DH,"Colwyn Bay Library, Woodland Road West, Colwyn Bay, Conwy, LL29 7DH, Wales",http://www.conwy.gov.uk/en/Resident/Libraries-Museums-and-Archives/Libraries/Libraries-and-opening-times/Colwyn-Bay-Library.aspx,mailto:colwynbay.library@conwy.gov.uk,,
Conwy Library,W06000003,,"Conwy Library, Civic Hall,  Castle Street, Conwy, LL32 8AY, Wales",http://www.conwy.gov.uk/en/Resident/Libraries-Museums-and-Archives/Libraries/Libraries-and-opening-times/Conwy-Library.aspx,mailto:conwy.library@conwy.gov.uk,,
Deganwy Library,W06000003,,"Deganwy Library, 219 Station Road, Deganwy, Conwy, LL31 9EX",,,,2014-10-01T00:00:00Z
Kinmel Bay Library,W06000003,LL18 5BT,"Kinmel Bay Library, Community Centre, Kendal Road, Kinmel Bay, Conwy, LL18 5BT, Wales",http://www.conwy.gov.uk/en/Resident/Libraries-Museums-and-Archives/Libraries/Libraries-and-opening-times/Kinmel-Bay-Library.aspx,mailto:kinmelbay.library@conwy.gov.uk,,
Llandudno Junction Library,W06000003,,"Llandudno Junction Library, Llandudno Junction LL31 9HA",,,,2012-01-01T00:00:00Z
Llandudno Library,W06000003,LL30 2RP,"Llandudno Library, Mostyn Street, Llandudno, Conwy, LL30 2RP, Wales",http://www.conwy.gov.uk/en/Resident/Libraries-Museums-and-Archives/Libraries/Libraries-and-opening-times/Llandudno-Library.aspx,mailto:llandudno.library@conwy.gov.uk,,
Llanfairfechan Library,W06000003,LL33 0AA,"Llanfairfechan Library, Village Road, Llanfairfechan, Conwy, LL33 0AA, Wales",http://www.conwy.gov.uk/en/Resident/Libraries-Museums-and-Archives/Libraries/Libraries-and-opening-times/Llanfairfechan-Library.aspx,mailto:llanfairfechan.library@conwy.gov.uk,,
Llanrwst Library,W06000003,LL26 0DF,"Llanrwst Library, Plas yn Dre, Station Road, Llanrwst, Conwy, LL26 0DF, Wales",http://www.conwy.gov.uk/en/Resident/Libraries-Museums-and-Archives/Libraries/Libraries-and-opening-times/Llanrwst-Library.aspx,mailto:Llanrwst.library@conwy.gov.uk,,
Penmaenmawr Library,W06000003,LL34 6DA,"Penmaenmawr Library, Bangor Road, Penmaenmawr, Conwy, LL34 6DA, Wales",http://www.conwy.gov.uk/en/Resident/Libraries-Museums-and-Archives/Libraries/Libraries-and-opening-times/Penmaenmawr-Library.aspx,mailto:penmaenmawr.library@conwy.gov.uk,,
Penrhyn Bay Library,W06000003,LL30 3HN,"Penrhyn Bay Library, Llandudno Road, Penrhyn Bay, Nr Llandudno, Conwy, LL30 3HN, Wales",http://www.conwy.gov.uk/en/Resident/Libraries-Museums-and-Archives/Libraries/Libraries-and-opening-times/Penrhyn-Bay-Library.aspx,mailto:penrhynbay.library@conwy.gov.uk,,
Corwen Library,W06000004,LL21 0DR,"Corwen Library, Neuadd Edeyrnion, London Road, Corwen, Denbighshire, LL21 0DR, Wales",https://www.denbighshire.gov.uk/en/resident/contact-us/visit-us/find-a-council-building-or-office/corwen-one-stop-shop.aspx,mailto:library@denbighshrie.gov.uk,,
Denbigh Library and Gallery,W06000004,LL16 3NU,"Denbigh Library, Hall Square, Denbigh, Denbighshire, LL16 3NU, Wales",,mailto:library@denbighshrie.gov.uk,,
Llangollen Library,W06000004,LL20 8NY,"Llangollen Library, Y Capel, 19-21 Castle Street, Llangollen, Denbighshire, LL20 8NY, Wales",https://www.denbighshire.gov.uk/en/resident/contact-us/visit-us/find-a-council-building-or-office/denbigh-one-stop-shop.aspx,mailto:library@denbighshrie.gov.uk,,
Prestatyn Library,W06000004,LL19 9AA,"Prestatyn Library+ and One Stop Shop, 21 Kings Avenue,  Prestatyn,  Denbighshire,  LL19 9AA,  Wales",,mailto:library@denbighshrie.gov.uk,,
Rhuddlan Library,W06000004,LL18 2UE,"Rhuddlan Library and One Stop Shop, Vicarage Lane, Rhuddlan, Rhyl, Denbighshire, LL18 2UE, Wales",,mailto:library@denbighshrie.gov.uk,,
Rhyl Library,W06000004,LL18 3AA,"Rhyl Library and One Stop Shop, Church Street, Rhyl, Denbighshire, LL18 3AA, Wales",,mailto:library@denbighshrie.gov.uk,,
Ruthin Library,W06000004,LL15 1DS,"Ruthin Library, Record Street, Ruthin, Denbighshire, LL15 1DS, Wales",https://www.denbighshire.gov.uk/en/resident/libraries-and-archives/find-a-library-or-archive/ruthin-library.aspx,mailto:library@denbighshrie.gov.uk,,
St Asaph Library,W06000004,LL17 0LU,"St Asaph Library, The Roe, St Asaph, Denbighshire, LL17 0LU, Wales",https://www.denbighshire.gov.uk/en/resident/contact-us/visit-us/find-a-council-building-or-office/st-asaph-one-stop-shop.aspx,mailto:library@denbighshrie.gov.uk,,
Bagillt Library,W06000005,,"Bagillt Library, Bagillt CH6 6EQ",,,,
Broughton Library,W06000005,CH4 0QQ,"Broughton Library, Broughton Hall Road, Broughton, Buckley, Flintshire, CH4 0QQ, Wales",,mailto:broughton.library@flintshire.gov.uk,,
"Buckley Library, Museum and Gallery",W06000005,CH7 2EF,"Buckley Library, The Precinct, Deeside, Flintshire, CH7 2EF, Wales",https://www.visitwales.com/product/1209159,mailto:buckley.library@flintshire.gov.uk,,
Connah's Quay Library,W06000005,CH5 4HA,"Connah's Quay Library, Wepre Drive, Connah'S Quay, Flintshire, CH5 4HA, Wales",,mailto:connahs.quay.library@flintshire.gov.uk,,
Deeside Library,W06000005,CH5 1SA,"Deeside Library, Deeside Leisure Centre, Chester Road West, Queensferry, Deeside, Flintshire, CH5 1SA, Wales",,mailto:deeside.library@flintshire.gov.uk,,
Flint Library,W06000005,CH6 5AP,"Flint Library Learners Centre, Church Street, Flint, Flintshire, CH6 5AP, Wales",,mailto:flint.library@flintshire.gov.uk,,
Halkyn Library,W06000005,CH8 8BU,"Halkyn Library, The Village Hall, Halyn, Holywell, Flintshire, CH8 8BU",,mailto:halkyn.library@flintshire.gov.uk,,
Holywell Library,W06000005,CH8 7UZ,"Holywell Library, Fron Park Road,  Holywell,  Flinshire,  CH8 7UZ,  Wales",https://aura.wales/libraries/libraries-and-contact-details/,mailto:holywell.library@flintshire.gov.uk,,
Mold Library,W06000005,CH7 1AP,"Mold Library and @nswers centre, Earl Road, Mold, Flintshire, CH7 1AP, Wales",,mailto:mold.library@flintshire.gov.uk,,
Mynydd Isa Library,W06000005,,"Mynydd Isa Library, Mynydd Isa Community Centre, Mercia Drive, Mynydd Isa, Mold, Flintshire, CH7 6UH",,,,
Brynteg Library,W06000006,LL11 6AB,"Brynteg Library, The Memorial Centre, Quarry Road, Wrexham, Wrexham, LL11 6AB, Wales",,mailto:brynteg.library@wrexham.gov.uk,,
Cefn Mawr Library,W06000006,LL14 3AT,"Cefn Mawr Library, Plas Kynaston, Cefn Mawr, Wrexham, Wrexham, LL14 3AT, Wales",,mailto:cefnmawr.library@wrexham.gov.uk,,
Chirk Library,W06000006,LL14 5NF,"Chirk Library, Chapel Lane, Chirk, Wrexham, Wrexham, LL14 5NF, Wales",,mailto:chirk.library@wrexham.gov.uk,,
Coedpoeth Library,W06000006,LL11 3NA,"Coedpoeth Library, Plas Pentwyn, Castle Road, Wrexham, Wrexham, LL11 3NA, Wales",,mailto:coedpoeth.library@wrexham.gov.uk,,
Gresford Library,W06000006,LL12 8UW,"Gresford Library, Vicarage Lane, Gresford, Wrexham, LL12 8UW, Wales",,mailto:gresfordlibrary@hotmail.com,,
Gwersyllt Library,W06000006,LL11 4ED,"Gwersyllt Library, Gwersyllt Community Resource Centre, Second Avenue, Wrexham, Wrexham, LL11 4ED, Wales",http://www.wrexham.gov.uk/english/community/libraries/gwersyllt_library.htm,,,
Llay Library,W06000006,LL12 0TR,"Llay Park Library and Resource Centre, Market Square, Llay, Wrexham, Wrexham, LL12 0TR, Wales",,mailto:llay.library@wrexham.gov.uk,,
Overton Library,W06000006,LL13 0EE,"Overton Library, Cocoa Rooms, Overton, Wrexham, Wrexham, LL13 0EE, Wales",,mailto:overton.library@wrexham.gov.uk,,
Rhos Library,W06000006,LL14 1AB,"Rhos Library, Princes Road, Rhos, Wrexham, Wrexham, LL14 1AB, Wales",,mailto:rhos.library@wrexham.gov.uk,,
Ruabon Library,W06000006,LL14 6NH,"Ruabon Library, High Street, Ruabon, Wrexham, Wrexham, LL14 6NH, Wales",,mailto:ruabon.library@wrexham.gov.uk,,
Wrexham Library,W06000006,LL11 1AU,"Wrexham Library, Rhosddu Road, Wrexham, Wrexham, Wrexham, LL11 1AU, Wales",,mailto:library@wrexham.gov.uk,,
Aberaeron Library,W06000008,SA46 0AT,"Aberaeron Library, County Hall, Aberaeron, Ceredigion, SA46 0AT, Wales",http://libraries.ceredigion.gov.uk,,,
Aberystwyth Library,W06000008,SY23 2EB,"Aberystwyth Library, Canolfan Alun.R Edwards,  Queens Square,  Aberystwyth,  SY23 2EB",http://libraries.ceredigion.gov.uk,,,
Cardigan Library,W06000008,SA43 1DG,"Cardigan Library, Council Offices,  Morgan Street,  Cardigan,  SA43 1DG",http://libraries.ceredigion.gov.uk,,,
Lampeter Library,W06000008,SA48 7DR,"Lampeter Library, Market Street, Lampeter, Ceredigion, SA48 7DR, Wales",http://libraries.ceredigion.gov.uk,,,
Llandysul Library,W06000008,SA44 4QS,"Llandysul Library, Canolfan Ceredigion, Llandysul, Ceredigion, SA44 4QS, Wales",http://libraries.ceredigion.gov.uk,,,
New Quay Library,W06000008,SA45 9QH,"New Quay Library, Uplands Square, New Quay, Ceredigion, SA45 9QH, Wales",http://libraries.ceredigion.gov.uk,,,
Crymych Library,W06000009,SA41 3QF,"Crymych Library, Preseli School, Crymych, Pembrokeshire, SA41 3QF, Wales",https://www.pembrokeshire.gov.uk/pembrokeshire-libraries/crymych-library,mailto:crymychlibrary@pembrokeshire.gov.uk,,
Fishguard Library,W06000009,SA65 9HA,"Fishguard Library, Town Hall,  Market Square,  Fishguard,  Pembrokeshire,  SA65 9HA",https://www.pembrokeshire.gov.uk/pembrokeshire-libraries/fishguard-library,mailto:fishguardlibrary@pembrokeshire.gov.uk,,
Haverfordwest Library,W06000009,SA61 2AN,,https://www.pembrokeshire.gov.uk/pembrokeshire-libraries/haverfordwest-library-and-information-centre,mailto:haverfordwestlendinglibrary@pembrokeshire.gov.uk,,
Milford Haven Library,W06000009,SA73 3JP,"Milford Haven Library and Information Centre, Cedar Court,  Haven's Head Business Park,  Milford Haven,  Pembrokeshire,  SA73 3LS",https://www.pembrokeshire.gov.uk/pembrokeshire-libraries/milford-haven-library-and-information-centre,mailto:milfordhavenlibrary@pembrokeshire.gov.uk,,
Narberth Library,W06000009,SA67 7BU,"Narberth Community Library, St James Street, Narberth, Pembrokeshire, SA67 7BU, Wales",https://www.pembrokeshire.gov.uk/pembrokeshire-libraries/narberth-community-library,mailto:narberthlibrary@pembrokeshire.gov.uk,,
Newport Community Library,W06000009,,"Newport Community Library, Bank House, Bridge Street, Newport, Pembrokeshire, SA42 0TB",https://www.pembrokeshire.gov.uk/pembrokeshire-libraries/newport-community-library,mailto:newportlibrary@pembrokeshire.gov.uk,,
Neyland Library,W06000009,SA73 1SH,"Neyland Library and Customer Service Centre, St Clements Road, Neyland, Pembrokeshire, SA73 1SH, Wales",https://www.pembrokeshire.gov.uk/pembrokeshire-libraries/neyland-library-and-customer-service-centre,mailto:neylandlibrary@pembrokeshire.gov.uk,,
Pembroke Dock Library,W06000009,SA72 6DW,"Pembroke Dock Library, Water Street, Pembroke, Pembrokeshire, SA72 6DW, Wales",http://www.pembrokeshire.gov.uk/content.asp?nav=2%2C107%2C108,mailto:pembrokedocklibrary@pembrokeshire.gov.uk,,
Pembroke Library,W06000009,SA71 4NP,"Pembroke Library and Information Centre, 38 Main Street, Pembroke, Pembrokeshire, SA71 4NP, Wales",https://www.pembrokeshire.gov.uk/pembrokeshire-libraries/pembroke-library-and-information-centre,mailto:pembrokelibrary@pembrokeshire.gov.uk,,
Saundersfoot Library,W06000009,SA69 9NG,"Saundersfoot Library and Information Centre, Regency Hall, Saundersfoot, Pembrokeshire, SA69 9NG, Wales",https://www.pembrokeshire.gov.uk/pembrokeshire-libraries/saundersfoot-library-and-information-centre,mailto:saundersfootlibrary@pembrokeshire.gov.uk,,
St Davids Library,W06000009,SA62 6SD,"St Davids Library, City Hall, High Street, St Davids, Pembrokeshire, SA62 6SD, Wales",https://www.pembrokeshire.gov.uk/pembrokeshire-libraries/st-davids-library,mailto:stdavidslibrary@pembrokeshire.gov.uk,,
Tenby Library,W06000009,SA70 7LB,"Tenby Library, Greenhill House, Tenby, Pembrokeshire, SA70 7LB, Wales",https://www.pembrokeshire.gov.uk/pembrokeshire-libraries/tenby-library,mailto:tenbylibrary@pembrokeshire.gov.uk,,
Ammanford Library,W06000010,SA18 3DN,"Ammanford Library, 3 Wind Street, Ammanford, Carmarthenshire, SA18 3DN, Wales",http://www.carmarthenshire.gov.wales/home/residents/libraries-archives/find-a-library/ammanford-library.aspx#.Wku34o_XLIU,,,
Bedol Library,W06000010,SA18 2GB,"Bedol Library, Ysgol y Bedol, Folland Road, Garnant, Carmarthenshire, SA18 2GB",http://www.carmarthenshire.gov.wales/home/council-services/libraries-archives/find-a-library/bedol-library/,,,
Brynaman Library,W06000010,SA18 1BU,"Brynaman Library, Community Centre,  Cwmgarw Road,  Brynaman,  SA18 1BU",https://www.carmarthenshire.gov.wales/home/council-services/libraries-archives/find-a-library/brynaman-library/,,,
Burry Port Library,W06000010,SA16 0AE,"Burry Port Library, Brynmor House, Carway Street, Burry Port, Carmarthenshire, SA16 0AE, Wales",http://www.carmarthenshire.gov.wales/home/residents/libraries-archives/find-a-library/burry-port-library.aspx#.Wk5ZYY_XLIU,,,
Carmarthen Library,W06000010,SA31 1LN,"Carmarthen Library, St Peters Street, Carmarthen, Carmarthenshire, SA31 1LN, Wales",http://www.carmarthenshire.gov.wales/home/residents/libraries-archives/find-a-library/carmarthen-library/,,,
Cross Hands Library,W06000010,SA14 6SU,"Cross Hands Library, Carmarthen Road,  Cross Hands,  SA14 6SU",http://www.carmarthenshire.gov.wales/home/residents/libraries-archives/find-a-library/cross-hands-library.aspx#.Wk5af4_XLIU,,,
Dafen Library,W06000010,,"Dafen Library, Parish Church Hall, Dafen, Llanelli, SA15 8LR",,,,
Garnant Library,W06000010,,"Garnant Library, 77 Cwmamman Road, Garnant, Ammanford, SA18 1ND",,,,
Kidwelly Library,W06000010,SA17 4UL,"Kidwelly Library, Princess Gwenllian Centre,  Hillfield Villas,  Kidwelly,  SA17 4UL",http://www.carmarthenshire.gov.wales/home/residents/libraries-archives/find-a-library/kidwelly-library.aspx#.Wk_xdUx2vIU,,,
Llandeilo Library,W06000010,SA19 6HN,"Llandeilo Library, Crescent Road, Llandeilo, Carmarthenshire, SA19 6HN, Wales",http://www.carmarthenshire.gov.wales/home/residents/libraries-archives/find-a-library/llandeilo-library.aspx#.Wk_0Dkx2vIU,,,
Llandovery Library,W06000010,SA20 0AA,"Llandovery Library, Town Hall,  Market Square,  Llandovery SA20 0AA",http://www.carmarthenshire.gov.wales/home/residents/libraries-archives/find-a-library/llandovery-library/,,,
Llanelli Library,W06000010,SA15 3AS,"Llanelli Library, Vaughan Street, Llanelli, Carmarthenshire, SA15 3AS, Wales",http://www.carmarthenshire.gov.wales/home/residents/libraries-archives/find-a-library/llanelli-library/,,,
Llangennech Library,W06000010,SA14 8TH,"Llangennech Library, Community Centre,  Rear of Hendre Road,  Nr. Old Bridge Inn,  Llangennech, Carmarthenshire, SA14 8TH, Wales",http://www.carmarthenshire.gov.wales/home/residents/libraries-archives/find-a-library/llangennech-library.aspx#.Wk_3KUx2vIU,,,
Llanybydder Library,W06000010,,"Llanybydder Library, Day Centre, Market Square, Llanybydder, SA40 9TY",,,,
Llwynhendy Library,W06000010,SA14 9HH,"Llwynhendy Library, Heol Elfed, Llwynhendy, Llanelli, Carmarthenshire, SA14 9HH, Wales",http://www.carmarthenshire.gov.wales/home/residents/libraries-archives/find-a-library/llwynhendy-library.aspx#.Wk_5EEx2vIU,,,
Newcastle Emlyn Library,W06000010,SA38 9AB,"Newcastle Emlyn Library, Church Lane, Newcastle Emlyn, Carmarthenshire, SA38 9AB, Wales",http://www.carmarthenshire.gov.wales/home/residents/libraries-archives/find-a-library/newcastle-emlyn-library.aspx#.Wk_6lEx2vIU,,,
Pembrey Library,W06000010,SA16 0TP,"Pembrey Library, The Old School,  Ashburnham Road,  Pembrey,  SA16 0TP",http://www.carmarthenshire.gov.wales/home/residents/libraries-archives/find-a-library/pembrey-library.aspx#.Wk_7BUx2vIU,,,
Pontyates Library,W06000010,SA15 5SC,"Pontyates library, Welfare Hall,  Meinciau Road,  Pontyates,  SA15 5SC",http://www.carmarthenshire.gov.wales/home/residents/libraries-archives/find-a-library/pontyates-library.aspx#.Wk_-2Ex2vIU,,,
Pontyberem Library,W06000010,SA15 5HH,"Pontyberem Library, Memorial Hall,  Coalbrook Road,  Pontyberem,  SA15 5HH, Wales",,,,
St. Clears Library,W06000010,SA33 4AA,"St Clears Library, The Gate, Pentre Road, Carmarthen, Carmarthenshire, SA33 4AA, Wales",http://www.carmarthenshire.gov.wales/home/residents/libraries-archives/find-a-library/st-clears-library.aspx#.Wk_8cUx2vIU,,,
Whitland Library,W06000010,SA34 0AG,"Whitland Library, Town Hall, King Edward Street, Carmarthen, Carmarthenshire, SA34 0AG, Wales",http://www.carmarthenshire.gov.wales/home/residents/libraries-archives/find-a-library/whitland-library.aspx,,,
Bonymaen Library,W06000011,SA1 7AW,"Bonymaen Library, Bonymaen Community Centre, Bonymaen Road, Bonymaen, Swansea, SA1 7AW, Wales",https://www.swansea.gov.uk/bonymaenlibrary?contactid=2158,mailto:bonymaen@swansea.gov.uk,,
Brynhyfryd Library,W06000011,SA5 9LH,"Brynhyfryd Library, Llangyfelach Road, Brynhyfryd, Swansea, Swansea, SA5 9LH, Wales",https://www.swansea.gov.uk/brynhyfrydlibrary?contactid=2158,mailto:brynhyfryd.library@swansea.gov.uk,,
Clydach Library,W06000011,SA6 5LN,"Clydach Library, High Street, Clydach, Swansea, Swansea, SA6 5LN, Wales",https://www.swansea.gov.uk/clydachlibrary?contactid=2158,mailto:clydach.library@swansea.gov.uk,,
Fforestfach Library,W06000011,SA5 8DA,"Fforestfach Library, Kings Head Road, Gendros, Swansea, Swansea, SA5 8DA, Wales",https://www.swansea.gov.uk/fforestfachlibrary?contactid=2158,mailto:fforestfach.library@swansea.gov.uk,,
Gorseinon Library,W06000011,SA4 4AA,"Gorseinon Library, 15 West Street, Gorseinon, Swansea, Swansea, SA4 4AA, Wales",https://www.swansea.gov.uk/gorseinonlibrary?contactid=2158,mailto:gorseinon.library@swansea.gov.uk,,
Gowerton Library,W06000011,SA4 3BU,"Gowerton Library, Mansel Street, Gowerton, Swansea, Swansea, SA4 3BU, Wales",https://www.swansea.gov.uk/gowertonlibrary?contactid=2158,mailto:gowerton.library@swansea.gov.uk,,
Killay Library,W06000011,SA2 7QS,"Killay Library, St Hillary's Church Hall, Gower Road, Swansea, Swansea, SA2 7QS, Wales",https://www.swansea.gov.uk/killaylibrary?contactid=2158,mailto:killay.library@swansea.gov.uk,,
Llansamlet Library,W06000011,SA7 9BD,"Llansamlet Library, 242 Peniel Green Road, Llansamlet, Swansea, Swansea, SA7 9BD, Wales",https://www.swansea.gov.uk/llansamletlibrary?contactid=2158,,,
Morriston Library,W06000011,SA6 7AA,"Morriston Library, Treharne Road, Morriston, Swansea, Swansea, SA6 7AA, Wales",https://www.swansea.gov.uk/morristonlibrary?contactid=2158,mailto:morriston.library@swansea.gov.uk,,
Oystermouth Library,W06000011,SA3 4AA,"Oystermouth Library, Dunns Lane, Mumbles, Swansea, SA3 4AA, Wales",http://www.swansea.gov.uk/oystermouthlibrary,mailto:oystermouth.library@swansea.gov.uk,,
Penlan Library,W06000011,SA5 7AH,"Penlan Library, Heol Frank, Penlan, Swansea, Swansea, SA5 7AH, Wales",https://www.swansea.gov.uk/penlanlibrary?contactid=2158,mailto:penlan.library@swansea.gov.uk,,
Pennard Library,W06000011,SA3 2AD,"Pennard Library, Pennard Road, Southgate, Pennard, Swansea, SA3 2AD, Wales",https://www.swansea.gov.uk/pennardlibrary?contactid=2158,mailto:pennard.library@swansea.gov.uk,,
Pontarddulais Library,W06000011,SA4 8TE,"Pontarddulais Library, St Michaels Avenue, Pontarddulais, Swansea, Swansea, SA4 8TE, Wales",https://www.swansea.gov.uk/pontarddulaislibrary?contactid=2158,mailto:pontarddulais.library@swansea.gov.uk,,
Sketty Library,W06000011,SA2 0UN,"Sketty Library, Vivian Road, Sketty, Swansea, Swansea, SA2 0UN, Wales",https://www.swansea.gov.uk/skettylibrary?contactid=2158,,,
St Thomas Library,W06000011,SA1 8EZ,"St Thomas Library , Grenfell Park Road,  St Thomas,  Swansea,  SA1 8EZ.",https://www.swansea.gov.uk/stthomaslibrary?contactid=2158,mailto:st.thomas.library@swansea.gov.uk,,
Swansea Central Library,W06000011,SA1 3SN,"Swansea Central Library, Civic Centre,  Oystermouth Road,  Swansea,  SA1 3SN.",https://www.swansea.gov.uk/centrallibrary?contactid=2158,mailto:libraryline@swansea.gov.uk,,
Townhill Library,W06000011,SA1 6PH,"Townhill Library, Phoenix Centre, Paradise Park, Townhill, Swansea, SA1 6PH, Wales",https://www.swansea.gov.uk/townhilllibrary?contactid=2158,mailto:townhill.library@swansea.gov.uk,,
Baglan Library,W06000012,SA12 8PA,"Baglan Library, Laurel Avenue, Baglan, Port Talbot, Neath Port Talbot, SA12 8PA, Wales",https://www.npt.gov.uk/5729,mailto:baglan.library@npt.gov.uk,,
Blaengwynfi Library,W06000012,,"Blaengwynfi Library, Library & Public Hall, Jersey Road, Blaengwynfi, Port Talbot SA13 3TD",,,,
Briton Ferry Library,W06000012,SA11 2AQ,"Briton Ferry Community Library, Neath Road, Briton Ferry, Neath Port Talbot, SA11 2AQ",https://www.npt.gov.uk/5731,,,
Cwmafan Library,W06000012,SA12 9DF,"Cwmafan Library, Depot Road, Cwmafan, Port Talbot, Neath Port Talbot, SA12 9DF, Wales",https://www.npt.gov.uk/5732,mailto:cwmafan.library@npt.gov.uk,,
Cwmllynfell Library,W06000012,,"Cwmllynfell Library, 18 Gwilym Road, Cwmllynfell, Swansea SA9 2FG",,,,
Cymmer Afan Library,W06000012,,"Cymmer Afan Library, Street Road, Port Talbot SA13 3HR",,,,
Glynneath Library,W06000012,SA11 5DW,"Glynneath Library, Park Avenue, Glynneath, Neath, Neath Port Talbot, SA11 5DW, Wales",https://www.npt.gov.uk/5735,mailto:glynneath.library@npt.gov.uk,,
Neath Library,W06000012,SA11 3BA,"Neath Library, Victoria Gardens, Neath, Neath Port Talbot, SA11 3BA, Wales",https://www.npt.gov.uk/5738,mailto:neath.library@npt.gov.uk,1905-11-07T00:00:00Z,
Pontardawe Library,W06000012,,"Pontardawe Library, Holly Street, Pontardawe, Neath Port Talbot, SA8 4ET, Wales",https://www.npt.gov.uk/5740,mailto:pontardawe.library@npt.gov.uk,,
Port Talbot Library,W06000012,SA13 1PB,"Port Talbot Library, 1st Floor, Aberafan Shopping Centre, Port Talbot, Neath Port Talbot, SA13 1PB, Wales",https://www.npt.gov.uk/5742,mailto:porttalbot.library@npt.gov.uk,,
Resolven Library,W06000012,,"Resolven Library, Neath Road, Resolven, Neath, Neath SA11 4AA",,,,
Sandfields Library,W06000012,SA12 6TG,"Sandfields Library, Morrison Road, Sandfields, Port Talbot, Neath Port Talbot, SA12 6TG, Wales",https://www.npt.gov.uk/5746,mailto:sandfields.library@npt.gov.uk,,
Seven Sisters Library,W06000012,,"Seven Sisters Library, Seven Sisters Community Hall, Brynhyfryd Terrace, Seven Sisters, Neath, Neath Port Talbot, SA10 9BA",,,,
Skewen Library,W06000012,SA10 6UU,"Skewen Library, New Road, Skewen, Neath, Neath Port Talbot, SA10 6UU, Wales",https://www.npt.gov.uk/5748,mailto:skewen.library@npt.gov.uk,,
Taibach Library,W06000012,,"Taibach Library, Commercial Road, Taibach, Port Talbot, Neath Port Talbot, SA13 1LN",http://www.taibachlibrary.org.uk/,,,
Y Lolfa (Gwaun Cae Gurwen),W06000012,,"Y Lolfa, New Community Hall, New Road, Gwaun Cae Gurwen, Ammanford, Neath Port Talbot, SA18 1UN",,,,
Ystalyfera Library,W06000012,,"Ystalyfera Library, 72 Commercial Road, Ystalyfera, Swansea, SA9 2HS",,,,
Aberkenfig Library,W06000013,CF32 9PT,"Aberkenfig Library, Heol y Llyfrau, Aberkenfig, Bridgend, CF32 9PT, Wales",http://www.awen-libraries.com/aberkenfig-library/,mailto:aberkenfig.library@awen-wales.com,,
Betws Library,W06000013,CF32 8TB,"Betws Library, Betws Centre, Betws, Bridgend, Bridgend, CF32 8TB, Wales",http://www.awen-libraries.com/betws-library/,mailto:betws.library@awen-wales.com,,
Blaengarw Library,W06000013,,"Blaengarw Library, Blaengarw Infants School, Station Street, Blaengarw, Bridgend, CF32 8BA",,,,
Bridgend Library,W06000013,CF31 4AH,"Bridgend Library, Bridgend Life Centre, Angel Street, Bridgend, CF31 4AH, Wales",http://www.awen-libraries.com/bridgend-library/,mailto:bridgend.library@awen-wales.com,,
Maesteg Library,W06000013,CF34 9AA,"Maesteg Library, North's Lane, Maesteg, Bridgend, Bridgend, CF34 9AA, Wales",http://www.awen-libraries.com/maesteg-library/,mailto:maesteg.library@awen-wales.com,,
Ogmore Vale Library,W06000013,CF32 7AJ,"Ogmore Vale Library, Ogmore Valley Life Centre, Cwrt Gwalia, Bridgend, Bridgend, CF32 7AJ, Wales",http://www.awen-libraries.com/ogmore-vale-library/,mailto:ovlc-receptiongroup@haloleisure.org.uk,,
Pencoed Library,W06000013,CF35 5RA,"Pencoed Library, Penybont Road, Pencoed, Bridgend, Bridgend, CF35 5RA, Wales",http://www.awen-libraries.com/pencoed-library/,mailto:pencoed.library@awen-wales.com,,
Pontycymer Library,W06000013,CF32 8DE,"Pontycymer Library, 107 Oxford Street, Pontycymer, Bridgend, Bridgend, CF32 8DE, Wales",http://www.awen-libraries.com/pontycymer-library/,mailto:gvlc-receptiongroup@haloleisure.org.uk,,
Porthcawl Library,W06000013,CF36 3AG,"Porthcawl Library, Church Place, Porthcawl, Bridgend, Bridgend, CF36 3AG, Wales",http://www.awen-libraries.com/porthcawl-library/,mailto:porthcawl.library@awen-wales.com,,
Pyle Life Centre,W06000013,CF33 6BS,"Pyle Library, Pyle Life Centre, Helig Fan, Bridgend, Bridgend, CF33 6BS, Wales",http://www.awen-libraries.com/pyle-library/,mailto:pyle.library@awen-wales.com,,
Sarn Library,W06000013,CF32 9SW,"Sarn Library, Lifelong learning Centre, Merfield Close, Bridgend, Bridgend, CF32 9SW, Wales",http://www.awen-libraries.com/sarn-library/,mailto:sarn.library@awen-wales.com,,
Ty'r Ardd Library,W06000013,CF31 4AR,"Local and Family History Centre, Ty'r Ardd, Sunnyside, Bridgend, CF31 4AR",,,,
Y Llynfi Library,W06000013,CF34 9EB,"Y Llynfi Library, Maesteg Sports Centre,  Old Forge Site,  Nant-y-Crynwyd,  Maesteg,  Bridgend,  CF34 9EB",http://www.awen-libraries.com/y-llynfi-library/,mailto:yllynfi.library@awen-wales.com,,
Barry Council Office and Library,W06000014,CF63 4RW,"Barry Library, The County Library, King Square, Barry, CF63 4RW",http://www.valeofglamorgan.gov.uk/en/enjoying/libraries/libraries.aspx,mailto:barrylibrary@valeofglamorgan.gov.uk,1906-01-01T00:00:00Z,
Cowbridge Library,W06000014,CF71 7AH,"Cowbridge Library, Old Hall, High Street, Cowbridge, Vale Of Glamorgan, CF71 7AH, Wales",http://www.valeofglamorgan.gov.uk/en/enjoying/libraries/libraries.aspx,mailto:CowbridgeLibrary@valeofglamorgan.gov.uk,,
Dinas Powys Library,W06000014,CF64 4QU,"Dinas Powys Library, Fairoaks, The Murch, Dinas Powys, Vale Of Glamorgan, CF64 4QU, Wales",http://www.valeofglamorgan.gov.uk/en/enjoying/libraries/libraries.aspx,mailto:DinasPowysLibrary@valeofglamorgan.gov.uk,,
Llantwit Major Library,W06000014,CF61 1XZ,"Llantwit Major Library, Boverton Rd, Llantwit Major, Vale Of Glamorgan, CF61 1XZ, Wales",http://www.valeofglamorgan.gov.uk/enjoying/libraries/our_libraries/llantwit_major.aspx,mailto:LlantwitMajorLibrary@valeofglamorgan.gov.uk,,
Penarth Library,W06000014,CF64 2YT,"Penarth Library, Stanwell Road, Penarth, Vale of Glamorgan, CF64 2YT, Wales",,mailto:PenarthLibrary@valeofglamorgan.gov.uk,,
Rhoose Library,W06000014,CF62 3DS,"Rhoose Library, Fontygary Road, Rhoose, Vale Of Glamorgan, CF62 3DS, Wales",http://www.valeofglamorgan.gov.uk/enjoying/libraries/our_libraries/rhoose.aspx,mailto:RhooseLibrary@valeofglamorgan.gov.uk,,
St Athan Library,W06000014,CF62 4PL,"St Athan Library, Old Primary School, St Athan, Vale Of Glamorgan, CF62 4PL, Wales",http://www.valeofglamorgan.gov.uk/enjoying/libraries/our_libraries/st_athan.aspx,mailto:StAthanlibrary@valeofglamorgan.gov.uk,,
Sully and Lavernock Library,W06000014,CF64 5SP,"Sully Library, BP Sports & Social Club, South Road, Penarth, Vale Of Glamorgan, CF64 5SP, Wales",,mailto:sullylibrarytrust@gmail.com,,
Wenvoe Library,W06000014,,"Wenvoe Library, Springfield Close, Wenvoe, Cardiff CF5 6AN",,,,
Canton Library,W06000015,CF5 1QD,"Canton Library, Library Street, Canton, Cardiff, South Glamorgan, CF5 1QD, Wales",https://www.cardiff.gov.uk/ENG/resident/Libraries-and-archives/Find-a-library/Pages/Canton-Library.aspx,,1907-01-01T00:00:00Z,
Cardiff Central Library,W06000015,CF10 1FL,"Cardiff Central Library Hub, The Hayes, Cardiff, Cardiff, South Glamorgan, CF10 1FL, Wales",https://www.cardiff.gov.uk/ENG/resident/Libraries-and-archives/Find-a-library/Pages/Central-Library.aspx,mailto:centrallibrary@cardiff.gov.uk,,
Cathays Library,W06000015,CF24 4PW,"Cathays and Heritage Library, Fairoak Road, Cathays, Cardiff, South Glamorgan, CF24 4PW, Wales",https://www.cardiff.gov.uk/ENG/resident/Libraries-and-archives/Find-a-library/Pages/Cathays-Library.aspx,,,
Ely & Caerau Hub,W06000015,,"Ely Library, 1 Cowbridge Road West, Cardiff, CF5 5BQ",,,,
Fairwater Library,W06000015,CF5 3HU,"Fairwater Library Hub, Doyle Avenue, Fairwater, Cardiff, South Glamorgan, CF5 3HU, Wales",https://www.cardiff.gov.uk/ENG/resident/Libraries-and-archives/Find-a-library/Pages/Fairwater-Library.aspx,,,
Grangetown Library,W06000015,CF11 7LY,"Grangetown Library, Redlaver Street, Grangetown, Cardiff, South Glamorgan, CF11 7LY, Wales",https://www.cardiff.gov.uk/ENG/resident/Libraries-and-archives/Find-a-library/Pages/Grangetown-Library.aspx,,,
Llandaff North Library,W06000015,CF14 2HU,"Llandaff North and Gabalfa Hub, Gabalfa Avenue, Llandaff North, Cardiff, South Glamorgan, CF14 2HU, Wales",https://www.cardiff.gov.uk/ENG/resident/hubs-and-housing-offices/llandaff-north-and-gabalfa-hub/Pages/default.aspx,,,
Llanedeyrn Library,W06000015,CF23 9PN,"Llanedeyrn Library and Hub, The Powerhouse Hub,  Roundwood,  Llanedeyrn,  Cardiff, CF23 9PN",https://www.cardiff.gov.uk/ENG/resident/hubs-and-housing-offices/Llanedeyrn-Hub/Pages/default.aspx,,,
Llanishen Library,W06000015,CF14 5LS,"Llanishen Library, Llanishen Hub,  11 Station Road,  Cardiff,  CF14 5LS",https://www.cardiff.gov.uk/ENG/resident/hubs-and-housing-offices/Llanishen-Hub/Pages/default.aspx,,,
Llanrumney Library,W06000015,CF3 5NQ,"Llanrumney Library, Countisbury Avenue, Llanrumney, Cardiff, South Glamorgan, CF3 5NQ, Wales",https://www.cardiff.gov.uk/ENG/resident/hubs-and-housing-offices/llanrumney-hub/Pages/default.aspx,,,
Penylan Library,W06000015,CF23 5HW,"Penylan Library, Penylan Road, Penylan, Cardiff, South Glamorgan, CF23 5HW, Wales",https://www.cardiff.gov.uk/ENG/resident/Libraries-and-archives/Find-a-library/Pages/Penylan-Library.aspx,,,
Radyr Library,W06000015,CF15 8DF,"Radyr Library, Park Road, Radyr, Cardiff, South Glamorgan, CF15 8DF, Wales",https://www.cardiff.gov.uk/ENG/resident/Libraries-and-archives/Find-a-library/Pages/Radyr-Library.aspx,,,
Rhiwbina Library,W06000015,CF14 6EH,"Rhiwbina Library, Pen-y-Dre, Rhiwbina, Cardiff, South Glamorgan, CF14 6EH, Wales",https://www.cardiff.gov.uk/ENG/resident/Libraries-and-archives/Find-a-library/Pages/Rhiwbina-Library.aspx,,,
Rhydypennau Library,W06000015,CF23 6EG,"Rhydypennau Library, Llandennis Road, Rhydypennau, Cardiff, South Glamorgan, CF23 6EG, Wales",https://www.cardiff.gov.uk/ENG/resident/Libraries-and-archives/Find-a-library/Pages/Rhydypennau-Library.aspx,,,
Rumney Library,W06000015,CF3 3JA,"Rumney Library and partnership Hub, Llanstephan Road,  Rumney,  Cardiff,  CF3 3JA",https://www.cardiff.gov.uk/ENG/resident/hubs-and-housing-offices/Rumney-Partnership-Hub/Pages/default.aspx,,,
STAR Library,W06000015,CF24 2SJ,"STAR Library and Hub, Muirton Road,  Cardiff,  CF24 2SJ",https://www.cardiff.gov.uk/ENG/resident/Libraries-and-archives/Find-a-library/Pages/Splott-Library.aspx,,,
St Mellons Library,W06000015,CF3 0EF,"St Mellons Library and Hub, Crickhowell Road, St Mellons, Cardiff, South Glamorgan, CF3 0EF, Wales",https://www.cardiff.gov.uk/ENG/resident/hubs-and-housing-offices/st-mellons-hub/Pages/default.aspx,,,
Tongwynlais Library,W06000015,CF15 7NP,"Tongwynlais Library, Tanyard Day Centre, Tongwynlais, Cardiff, South Glamorgan, CF15 7NP, Wales",https://www.cardiff.gov.uk/ENG/resident/Libraries-and-archives/Find-a-library/Pages/Tongwynlais-Library.aspx,,,
Whitchurch Library,W06000015,CF14 7XA,"Whitchurch Library, Park Road, Whitchurch, Cardiff, South Glamorgan, CF14 7XA, Wales",https://www.cardiff.gov.uk/ENG/resident/Libraries-and-archives/Find-a-library/Pages/Whitchurch-Library.aspx,,,
Abercynon Library,W06000016,CF45 4SU,"Abercynon Library, Ynysmeurig Road, Abercynon, Rhondda Cynon Taf, CF45 4SU, Wales",http://www.rctcbc.gov.uk/EN/Resident/Libraries/Librarylocationsandopeninghours/AbercynonLibrary.aspx,mailto:Abercynon.Library@rctcbc.gov.uk,,
Aberdare Library,W06000016,CF44 7AG,"Aberdare Library, Green Street, Aberdare, Rhondda Cynon Taf, CF44 7AG, Wales",http://www.rctcbc.gov.uk/EN/Resident/Libraries/Librarylocationsandopeninghours/AberdareLibrary.aspx,mailto:aberdare.library@rhondda-cynon-taf.gov.uk,,
Beddau Library,W06000016,,"Beddau Library, Tynant Road, Beddau, Pontypridd CF38 2DA",,,,
Church Village Library,W06000016,CF38 1RQ,"Church Village Library, Garth Olwg Community Campus,  Off St Illtyd’s Road,  Church Village,  Pontypridd,  CF38 1RQ",http://www.rctcbc.gov.uk/EN/Resident/Libraries/Librarylocationsandopeninghours/ChurchVillageLibrary.aspx,mailto:ChurchVillage.Library@rctcbc.gov.uk,,
Ferndale Library,W06000016,CF43 4RH,"Ferndale Library, High Street, Ferndale, Rhondda Cynon Taf, CF43 4RH, Wales",http://www.rctcbc.gov.uk/EN/Resident/Libraries/Librarylocationsandopeninghours/FerndaleLibrary.aspx,mailto:Ferndale.Library@rctcbc.gov.uk,,
Hirwaun Library,W06000016,CF44 9SW,"Hirwaun Library, High Street, Hirwaun, Rhondda Cynon Taf, CF44 9SW, Wales",http://www.rctcbc.gov.uk/EN/Resident/Libraries/Librarylocationsandopeninghours/HirwaunLibrary.aspx,mailto:Hirwaun.Library@rctcbc.gov.uk,,
Llantrisant Library,W06000016,CF72 8EB,"Llantrisant Library, Llantrisant Community Library ,  Llantrisant Leisure Centre,  Southgate Park,  Llantrisant,  CF72 8DJ",http://www.rctcbc.gov.uk/EN/Resident/Libraries/Librarylocationsandopeninghours/LlantrisantLibrary.aspx,mailto:Llantrisant.Library@rctcbc.gov.uk,,
Maerdy Library,W06000016,,"Maerdy Library, Library, Dyfodwg Street, Treorchy CF42 6NN",,,,
Mountain Ash Library,W06000016,CF45 3EY,"Mountain Ash Library, Knight Street, Mountain Ash, Rhondda Cynon Taf, CF45 3EY, Wales",http://www.rctcbc.gov.uk/EN/Resident/Libraries/Librarylocationsandopeninghours/MountainAshLibrary.aspx,mailto:MountainAsh.Library@rctcbc.gov.uk,,
Pontyclun Library,W06000016,CF72 9BE,"Pontyclun Library, Heol-y-Felin,  Pontyclun,  CF72 9BE",http://www.rctcbc.gov.uk/EN/Resident/Libraries/Librarylocationsandopeninghours/PontyclunLibrary.aspx,mailto:Pontyclun.Library@rctcbc.gov.uk,,
Pontypridd Library,W06000016,CF37 2DY,"Pontypridd Library, Library Road, Pontypridd, Rhondda Cynon Taf, CF37 2DY, Wales",http://www.rctcbc.gov.uk/EN/Resident/SchoolsandLearning/Libraries/Librarylocationsandopeninghours/PontypriddLibrary.aspx,mailto:Pontypridd.Library@rctcbc.gov.uk,,
Porth Library,W06000016,CF39 9PG,"Porth Library, Porth Plaza,  Pontypridd Road, Porth, Rhondda Cynon Taf, CF39 9PG",http://www.rctcbc.gov.uk/EN/Resident/Libraries/Librarylocationsandopeninghours/PorthLibrary.aspx,mailto:Porth.Library@rctcbc.gov.uk,,
Rhydyfelin Library,W06000016,,"Rhydyfelin Library, Poplar Road, Rhydyfelin, Rhondda Cynon Taf, CF37 5LR, Wales",https://www.rctcbc.gov.uk/EN/Resident/Libraries/Librarylocationsandopeninghours/RhydyfelinLibrary.aspx,mailto:Rhydyfelin.Library@rctcbc.gov.uk,,
Taffs Well Library,W06000016,,"Taffs Well Library, Scimitar Court, Cardiff Road, Taff's Well, Cardiff CF15 7RF",,,,
Tonypandy Library,W06000016,CF40 2QZ,"Tonypandy Library, De Winton Street, Tonypandy, Rhondda Cynon Taf, CF40 2QZ, Wales",http://www.rctcbc.gov.uk/EN/Resident/Libraries/Librarylocationsandopeninghours/TonypandyLibrary.aspx,mailto:Tonypandy.Library@rctcbc.gov.uk,,
Tonyrefail Library,W06000016,,"Tonyrefail Library, Porth Street, Porth CF39 9RT",,,,
Treherbert Library,W06000016,,"Treherbert Library, Bute Street, Treorchy CF42 5NR",,,,
Treorchy Library,W06000016,CF42 6NN,"Treorchy Library, Station Road, Treorchy, Rhondda Cynon Taf, CF42 6NN, Wales",https://www.rctcbc.gov.uk/EN/Resident/Libraries/Librarylocationsandopeninghours/TreorchyLibrary.aspx,,,
Aberbargoed Library,W06000018,CF81 9BB,"Aberbargoed Library, Pant Street, Aberbargoed, Caerphilly, CF81 9BB, Wales",http://www.caerphilly.gov.uk/Services/Libraries/Library-locations-and-opening-times/Aberbargoed-library,mailto:libabarg@caerphilly.gov.uk,,
Abercarn Library,W06000018,NP11 5DT,"Abercarn Library, 1 Duffryn Court,  Abercarn. NP11 5DT",http://www.caerphilly.gov.uk/Services/Libraries/Library-locations-and-opening-times/Abercarn-library.aspx,mailto:libaberc@caerphilly.gov.uk,,
Abertridwr Library,W06000018,CF83 4EJ,"Abertridwr Library, Aberfawr Road, Abertridwr, Caerphilly, CF83 4EJ, Wales",http://www.caerphilly.gov.uk/Services/Libraries/Library-locations-and-opening-times/Abertridwr-library.aspx,mailto:libatrid@caerphilly.gov.uk,,
Bargoed Library,W06000018,CF81 8QQ,"Bargoed Library, Hanbury Chapel,  6a Hanbury Road,  Bargoed. CF81 8QR",http://www.caerphilly.gov.uk/Services/Libraries/Library-locations-and-opening-times/Bargoed-library.aspx,mailto:libraries@caerphilly.gov.uk,,
Bedwas Library,W06000018,CF83 8BJ,"Bedwas Library, Newport Road, Bedwas, Caerphilly, CF83 8BJ, Wales",http://www.caerphilly.gov.uk/Services/Libraries/Library-locations-and-opening-times/Bedwas-library.aspx,mailto:libbedw@caerphilly.gov.uk,,
Blackwood Library,W06000018,NP12 1AJ,"Blackwood Library, 192 High Street, Blackwood, Caerphilly, NP12 1AJ, Wales",http://www.caerphilly.gov.uk/Services/Libraries/Library-locations-and-opening-times/Blackwood-library.aspx,mailto:libblack@caerphilly.gov.uk,,
Caerphilly Library,W06000018,CF83 1JL,"Caerphilly Library, The Twyn,  Caerphilly, CF83 1JL, Wales",http://www.caerphilly.gov.uk/Services/Libraries/Library-locations-and-opening-times/Caerphilly-library.aspx,mailto:libcaer@caerphilly.gov.uk,,
Deri Library,W06000018,CF81 9HT,"Deri Library, Bailey Street, Deri, Bargoed, Caerphilly, CF81 9HT, Wales",http://www.caerphilly.gov.uk/Services/Libraries/Library-locations-and-opening-times/Deri-library.aspx,mailto:libderi@caerphilly.gov.uk,,
Llanbradach Library,W06000018,CF83 3LP,"Llanbradach Library, School Street, Llanbradach, Caerphilly, CF83 3LP, Wales",http://www.caerphilly.gov.uk/Services/Libraries/Library-locations-and-opening-times/Llanbradach-library.aspx,mailto:Liblab2@caerphilly.gov.uk,,
Machen Library,W06000018,CF83 8ND,"Machen Library, Village Hall & Social Centre, Machen, Caerphilly, CF83 8ND, Wales",http://www.caerphilly.gov.uk/Services/Libraries/Library-locations-and-opening-times/Machen-library.aspx,mailto:libmach@caerphilly.gov.uk,,
Nelson Library,W06000018,CF46 6NF,"Nelson Library and Learning Centre, Commercial Street, Nelson, Caerphilly, CF46 6NF, Wales",http://www.caerphilly.gov.uk/Services/Libraries/Library-locations-and-opening-times/Nelson-library.aspx,mailto:libnels@caerphilly.gov.uk,,
New Tredegar Library,W06000018,NP24 6EF,"New Tredegar Library, Whiterose Learning and Resource Centre,  School Street,  Elliottown,  New Tredegar. NP24 6EF",http://www.caerphilly.gov.uk/Services/Libraries/Library-locations-and-opening-times/New-Tedegar-library.aspx,mailto:whrrc@caerphilly.gov.uk,,
Newbridge Library,W06000018,NP11 4FH,"Newbridge Library, Newbridge Memo,  High Street,  Newbridge. NP11 4FH",http://www.caerphilly.gov.uk/Services/Libraries/Library-locations-and-opening-times/Newbridge-library.aspx,mailto:libnewb@caerphilly.gov.uk,,
Oakdale Library,W06000018,NP12 0HN,"Oakdale Library, Cwrt Cwmderwen, Oakdale, NP12 0HN",http://www.caerphilly.gov.uk/Services/Libraries/Library-locations-and-opening-times/Oakdale-library.aspx,mailto:liboakd@caerphilly.gov.uk,,
Pengam Library,W06000018,NP12 3AB,"Pengam Library, Ivor Street,  Pengam,  Blackwood,  NP12 3AB",http://www.caerphilly.gov.uk/Services/Libraries/Library-locations-and-opening-times/Pengam-library.aspx,mailto:libpeng@caerphilly.gov.uk,,
Rhymney Library,W06000018,NP22 5NU,"Rhymney Library, Victoria Road, Rhymney, Tredegar, Caerphilly, NP22 5NU, Wales",http://www.caerphilly.gov.uk/Services/Libraries/Library-locations-and-opening-times/Rhymney-library.aspx,mailto:librhym@caerphilly.gov.uk,,
Risca Library,W06000018,NP11 6BW,"Risca Library, Unit C,  Risca Palace,  75 Tredegar Street,  Risca,  NP11 6BW",http://www.caerphilly.gov.uk/Services/Libraries/Library-locations-and-opening-times/Risca-library.aspx,mailto:librisca@caerphilly.gov.uk,,
Ystrad Mynach Library,W06000018,CF82 7BB,"Ystrad Mynach Library, High Street, Ystrad Mynach, Caerphilly, CF82 7BB, Wales",http://www.caerphilly.gov.uk/Services/Libraries/Library-locations-and-opening-times/Ystrad-Mynach-library.aspx,mailto:libystr@caerphilly.gov.uk,,
Abertillery Library,W06000019,NP13 1TE,"Abertillery Library, Station Hill, Abertillery, Blaenau Gwent, NP13 1TE, Wales",http://aneurinleisure.org.uk/libraries/abertillery-library,,,
Blaina Library,W06000019,NP13 3BN,"Blaina Library, Reading Institute, High Street, Blaina, Blaenau Gwent, NP13 3BN, Wales",http://aneurinleisure.org.uk/libraries/blaina-library,,,
Brynmawr Library,W06000019,NP23 4AJ,"Brynmawr Library, Market Street, Brynmawr, Blaenau Gwent, NP23 4AJ, Wales",http://aneurinleisure.org.uk/libraries/brynmawr-library,,,
Cwm Library,W06000019,NP23 7RW,"Cwm Library, Canning Street, Cwm, Blaenau Gwent, NP23 7RW, Wales",http://aneurinleisure.org.uk/libraries/cwm-library,,,
Ebbw Vale Library,W06000019,NP23 6HS,"Ebbw Vale Library, 21 Bethcar Street, Ebbw Vale, Blaenau Gwent, NP23 6HS, Wales",http://aneurinleisure.org.uk/libraries/ebbw-vale-library,,,
Tredegar Library,W06000019,NP22 3PS,"Tredegar Library, The Circle, Tredegar, Blaenau Gwent, NP22 3PS, Wales",http://aneurinleisure.org.uk/libraries/tredegar-library,,,
Blaenavon Library,W06000020,NP4 9AS,"Blaenavon Library, Blaenavon World Heritage Centre and Library,  Church Road,  Blaenavon,  NP4 9AS",https://www.torfaen.gov.uk/en/Libraries/Libraries-mobilelibraryservice/Blaenavon-Library.aspx,mailto:blaenavon.library@torfaen.gov.uk,,
Cwmbran Library,W06000020,NP44 1XQ,"Cwmbran Library, Gwent House,  NP44 1XQ, Town Centre, Cwmbran, Torfaen, NP44 1XQ, Wales",https://www.torfaen.gov.uk/en/Libraries/Libraries-mobilelibraryservice/Cwmbran-Library.aspx,mailto:cwmbran.library@torfaen.gov.uk,,
Pontypool Library,W06000020,NP4 6JL,"Pontypool Library, Hanbury Road, Pontypool, Torfaen, NP4 6JL, Wales",https://www.torfaen.gov.uk/en/Libraries/Libraries-mobilelibraryservice/Pontypool-Library.aspx,mailto:pontypool.library@torfaen.gov.uk,,
Abergavenny Public Library,W06000021,NP7 5BD,"Abergavenny Library, Baker Street, Abergavenny, Monmouthshire, NP7 5BD, Wales",http://www.monmouthshire.gov.uk/community-hubs-libraries/abergavenny-community-hub/abergavenny-library,,1906-09-08T00:00:00Z,
Caldicot Library,W06000021,NP26 5DB,"Caldicot Library, Woodstock Way, Caldicott, Monmouthshire, NP26 5DB, Wales",http://www.monmouthshire.gov.uk/community-hubs-libraries/caldicot-community-hub/caldicot-library,,,
Chepstow Library,W06000021,NP16 5HZ,"Chepstow Library, Manor Way, Chepstow, Monmouthshire, NP16 5HZ, Wales",http://www.monmouthshire.gov.uk/community-hubs-libraries/chepstow-community-hub/chepstow-library,,,
Gilwern Library,W06000021,NP7 0DS,"Gilwern Library, Gilwern Education Centre,  Upper Common,  Gilwern,  Abergavenny NP7 0DS",http://www.monmouthshire.gov.uk/community-hubs-libraries/gilwern-library,,,
Monmouth Library,W06000021,NP25 3BY,"Monmouth Library, The Rolls Hall, Whitecross Street, Monmouth, Monmouthshire, NP25 3BY, Wales",http://www.monmouthshire.gov.uk/community-hubs-libraries/monmouth-community-hub/monmouth-library,,1888-05-24T00:00:00Z,
Usk Library,W06000021,NP15 1AE,"Usk Library, 18a Maryport Street, Usk, Monmouthshire, NP15 1AE, Wales",http://www.monmouthshire.gov.uk/community-hubs-libraries/usk-community-hub/usk-library,,,
Bettws Library and Information Centre,W06000022,NP20 7TN,"Bettws Library and Information Centre, Bettws Library and Information Centre,  Bettws,  Newport NP20 7TN",http://www.newport.gov.uk/en/Leisure-Tourism/Libraries/Find-a-library/Bettws-Library-and-Information-Centre.aspx,,,
Caerleon Library and Information Centre,W06000022,NP18 1AW,"Caerleon Library, Caerleon Library and Information Centre,  Town Hall,  Church Street,  Caerleon NP18 1AW",http://www.newport.gov.uk/en/Leisure-Tourism/Libraries/Find-a-library/Caerleon-Library-and-Information-Centre.aspx,mailto:caerleon.library@newport.gov.uk,,
Malpas Library and Information Centre,W06000022,NP20 6WF,"Malpas Library, Pillmawr Road, Newport, Monmouthshire, NP20 6WF, Wales",http://www.newport.gov.uk/en/Leisure-Tourism/Libraries/Find-a-library/Malpas-Library-and-Information-Centre.aspx,mailto:malpas.library@newport.gov.uk,,
Newport Central Library,W06000022,NP20 1PA,"Newport Central Library, John Frost Square, Newport, Monmouthshire, NP20 1PA, Wales",http://www.newport.gov.uk/en/Leisure-Tourism/Libraries/Find-a-library/Central-Library.aspx,,,
Pillgwenlly Library and Information Centre,W06000022,NP20 2GW,"Pillgwenlly Library, 110-111 Commercial Road, Newport. NP20 2GW",http://www.newport.gov.uk/en/Leisure-Tourism/Libraries/Find-a-library/Pillgwenlly-Library-and-Information-Centre.aspx,mailto:pillgwenlly.library@newport.gov.uk,,
Ringland Library and Information Centre,W06000022,NP19 9PS,"Ringland Library, Ringland Centre, Newport, Monmouthshire, NP19 9PS, Wales",http://www.newport.gov.uk/en/Leisure-Tourism/Libraries/Find-a-library/Ringland-Library-and-Information-Centre.aspx,mailto:ringland.library@newport.gov.uk,,
Rogerstone Library,W06000022,NP10 9EL,"Rogerstone Library, Tregwilym Road, Newport, Monmouthshire, NP10 9EL, Wales",http://www.newport.gov.uk/en/Leisure-Tourism/Libraries/Find-a-library/Rogerstone-Library-and-Information-Centre.aspx,mailto:rogerstone.library@newport.gov.uk,,
St. Julian's Library,W06000022,NP19 7UB,"St. Julian's Community Learning and Library Centre, St. Julian’s Community Learning and Library Centre,  Beaufort Road,  Newport NP19 7UB",http://www.newport.gov.uk/en/Leisure-Tourism/Libraries/Find-a-library/St-Julians-Community-Learning-and-Library-Centre.aspx,mailto:stjulians.cllc@newport.gov.uk,,
Tredegar House Library,W06000022,NP10 8YW,"Tredegar House Library and Information Centre, Tredegar House Library,  Pencarn Way,  Newport NP10 8YW",http://www.newport.gov.uk/en/Leisure-Tourism/Libraries/Find-a-library/Tredegar-House-Library-and-Information-Centre.aspx,mailto:library.tredegarhouse@newport.gov.uk,,
Brecon Library,W06000023,LD3 9AE,"Brecon Library, Ship Street, Brecon, Powys, LD3 9AE, Wales",http://www.powys.gov.uk/en/libraries/find-nearest-library/brecon-library/,mailto:brecon.library@powys.gov.uk,1969-07-23T00:00:00Z,
Builth Wells Library,W06000023,LD2 3BA,"Builth Wells Library, Antur Gwy,  Park Road,  Builth Wells,  Powys,  LD2 3BA",http://www.powys.gov.uk/en/libraries/find-nearest-library/builth-wells-library/,mailto:builth.library@powys.gov.uk,,
Crickhowell Library,W06000023,NP8 1BJ,"Crickhowell Library, Silver Street, Crickhowell, Powys, NP8 1BJ, Wales",http://www.powys.gov.uk/en/libraries/find-nearest-library/crickhowell-library/,mailto:crickhowell.library@powys.gov.uk,,
Hay on Wye Library,W06000023,HR3 5BL,"Hay-on-Wye Library, Chancery Lane, Hay-On-Wye, Powys, HR3 5BL, Wales",http://www.powys.gov.uk/en/libraries/find-nearest-library/hay-on-wye-library/,mailto:hay.library@powys.gov.uk,,
Knighton Library,W06000023,LD7 1DR,"Knighton Library, Knighton Library,  Knighton Community Centre,  Bowling Green Lane,  Knighton,  Powys,  LD7 1DR",http://www.powys.gov.uk/index.php?id=882&L=0,mailto:knighton.library@powys.gov.uk,,
Llandrindod Wells Library,W06000023,LD1 6AA,"Llandrindod Library, Library Service Llandrindod Wells, The Gwalia, Ithon Road, Llandrindod Wells,  Powys,  LD1 6AA",http://www.powys.gov.uk/en/libraries/find-nearest-library/llandrindod-wellslibrary/,mailto:llandrindod.library@powys.gov.uk,,
Llanfair Caereinion Library,W06000023,SY21 0RY,"Llanfair Caereinion Library, The Institute, Llanfair Caereinion, Powys, SY21 0RY, Wales",http://www.powys.gov.uk/en/libraries/find-nearest-library/llanfair-caereinion-library/,mailto:llanfair.library@powys.gov.uk,1913-10-15T00:00:00Z,
Llanfyllin Library,W06000023,SY22 5BB,"Llanfyllin Library, Youth and Community Centre,  Council Buildings, Llanfyllin, Powys, SY22 5BB, Wales",http://www.powys.gov.uk/en/libraries/find-nearest-library/llanfyllin-library/,mailto:llanfyllin.library@powys.gov.uk,,
Llanidloes Library,W06000023,SY18 6BN,"Llanidloes Library, Library Service Llanidloes Llanidloes Town Hall,  Great Oak Street,  Llanidloes,  Powys,  SY18 6BN",http://www.powys.gov.uk/en/libraries/find-nearest-library/llanidloes-library/,mailto:llanidloes.library@powys.gov.uk,,
Llanwrtyd Library,W06000023,LD5 4RA,"Llanwrtyd Wells Library, Library Service Llanwrtyd,  Ysgol Dolafon C.P. Llanwrtyd Wells,  Powys,  LD5 4RA",http://www.powys.gov.uk/en/libraries/find-nearest-library/llanwrtyd-library/,mailto:llanwrtyd.library@powys.gov.uk,,
Machynlleth Library,W06000023,SY20 8DY,"Machynlleth Library, Maengwyn Street, Machynlleth, Powys, SY20 8DY, Wales",http://www.powys.gov.uk/en/libraries/find-nearest-library/machynlleth-library/,mailto:machynlleth.library@powys.gov.uk,,
Montgomery Library,W06000023,SY15 6RA,"Montgomery Library, Arthur Street, Montgomery, Powys, SY15 6RA, Wales",http://www.powys.gov.uk/en/libraries/find-nearest-library/montgomery-library/,,,
Newtown Library,W06000023,SY16 1EJ,"Newtown Library, Park Lane, Newtown, Powys, SY16 1EJ, Wales",http://www.powys.gov.uk/en/libraries/find-nearest-library/newtown-library/,mailto:newtown.library@powys.gov.uk,,
Presteigne Library,W06000023,LD8 2AD,"Presteigne Library, Market Hall,  Broad Street, Presteigne, Powys, LD8 2AD, Wales",http://www.powys.gov.uk/en/libraries/find-nearest-library/presteigne-library/,mailto:presteigne.library@mail.powys.gov.uk,,
Rhayader Library,W06000023,LD6 5AB,"Rhayader Library, West Street, Rhayader, Powys, LD6 5AB, Wales",http://www.powys.gov.uk/en/libraries/find-nearest-library/rhayader-library/,mailto:rhayader.library@powys.gov.uk,,
Talgarth Library,W06000023,LD3 0AH,"Talgarth Library, New Street, Talgarth, Powys, LD3 0AH, Wales",http://www.powys.gov.uk/en/libraries/find-nearest-library/talgarth-library/,mailto:talgarth.library@powys.gov.uk,,
Welshpool Library,W06000023,SY21 7AQ,"Y Lanfa / The Wharf: Powysland Museum & Welshpool Library, The Canal Wharf,Welshpool, Powys",http://www.powys.gov.uk/en/libraries/find-nearest-library/welshpool-library/,mailto:welshpool.library@powys.gov.uk,,
Ystradgynlais Library,W06000023,SA9 1JJ,"Ystradgynlais Library, Temperance Street, Ystradgynlais, Powys, SA9 1JJ, Wales",http://www.powys.gov.uk/en/libraries/find-nearest-library/ystradgynlais-library/,mailto:ystrad.library@powys.gov.uk,,
Aberfan Library,W06000024,CF48 4QE,"Aberfan Community Library , Pantglas Road,  Aberfan,  CF48 4QE",http://www.merthyrlibraries.co.uk/our-libraries/aberfan-community-library.aspx#firstab-2,,,
Dowlais Library,W06000024,CF48 3HS,"Dowlais Library, Church Street, Dowlais, Merthyr Tydfil, Merthyr Tydfil, CF48 3HS, Wales",http://www.merthyrlibraries.co.uk/our-libraries/dowlais-library.aspx,,1907-01-11T00:00:00Z,
Merthyr Library Hub,W06000024,CF48 1UT,"Merthyr Library Hub, Merthyr Tydfil Leisure Centre,  CF48 1UT",http://www.merthyrlibraries.co.uk/our-libraries/library-hub.aspx,,,
Merthyr Tydfil Central Library,W06000024,CF47 8AF,"Central Library, High Street,  Merthyr Tydfil,  CF47 8AF,  Wales",http://www.merthyrlibraries.co.uk/our-libraries/central-library.aspx,,,
Treharris Library,W06000024,CF46 5ET,"Treharris Library, Perrott Street, Treharris, Merthyr Tydfil, Merthyr Tydfil, CF46 5ET, Wales",http://www.merthyrlibraries.co.uk/our-libraries/treharris-library.aspx,,1909-10-01T00:00:00Z,
